Краснов Загід Геннадійович,https://public.nazk.gov.ua/search?page=1&q=Краснов Загід Геннадійович&declarationType=&declarationYear=&documentType=&dtStart=&dtEnd=&isRisk=
Вілкул Олександр Юрійович,https://public.nazk.gov.ua/search?page=1&q=Вілкул Олександр Юрійович&declarationType=&declarationYear=&documentType=&dtStart=&dtEnd=&isRisk=
Риженко Сергій Анатолійович,https://public.nazk.gov.ua/search?page=1&q=Риженко Сергій Анатолійович&declarationType=&declarationYear=&documentType=&dtStart=&dtEnd=&isRisk=
Ричкова Тетяна Борисівна,https://public.nazk.gov.ua/search?page=1&q=Ричкова Тетяна Борисівна&declarationType=&declarationYear=&documentType=&dtStart=&dtEnd=&isRisk=
Гуфман Геннадій Леонідович,https://public.nazk.gov.ua/search?page=1&q=Гуфман Геннадій Леонідович&declarationType=&declarationYear=&documentType=&dtStart=&dtEnd=&isRisk=
Сидоренко Олександр Миколайович,https://public.nazk.gov.ua/search?page=1&q=Сидоренко Олександр Миколайович&declarationType=&declarationYear=&documentType=&dtStart=&dtEnd=&isRisk=
Сидоренко Катерина Геннадіївна,https://public.nazk.gov.ua/search?page=1&q=Сидоренко Катерина Геннадіївна&declarationType=&declarationYear=&documentType=&dtStart=&dtEnd=&isRisk=
Сидоренко Микола Олександрович,https://public.nazk.gov.ua/search?page=1&q=Сидоренко Микола Олександрович&declarationType=&declarationYear=&documentType=&dtStart=&dtEnd=&isRisk=
Афанасьєва Тетяна Володимирівна,https://public.nazk.gov.ua/search?page=1&q=Афанасьєва Тетяна Володимирівна&declarationType=&declarationYear=&documentType=&dtStart=&dtEnd=&isRisk=
Філатов Борис Альбертович,https://public.nazk.gov.ua/search?page=1&q=Філатов Борис Альбертович&declarationType=&declarationYear=&documentType=&dtStart=&dtEnd=&isRisk=
Збарська Катерина Юріївна,https://public.nazk.gov.ua/search?page=1&q=Збарська Катерина Юріївна&declarationType=&declarationYear=&documentType=&dtStart=&dtEnd=&isRisk=
Начар’ян Наталія Олександрівна,https://public.nazk.gov.ua/search?page=1&q=Начар’ян Наталія Олександрівна&declarationType=&declarationYear=&documentType=&dtStart=&dtEnd=&isRisk=
Примаков Каміль Юрійович,https://public.nazk.gov.ua/search?page=1&q=Примаков Каміль Юрійович&declarationType=&declarationYear=&documentType=&dtStart=&dtEnd=&isRisk=
Мансурова Аліада,https://public.nazk.gov.ua/search?page=1&q=Мансурова Аліада&declarationType=&declarationYear=&documentType=&dtStart=&dtEnd=&isRisk=
Нікітін Сергій Михайлович,https://public.nazk.gov.ua/search?page=1&q=Нікітін Сергій Михайлович&declarationType=&declarationYear=&documentType=&dtStart=&dtEnd=&isRisk=
Санжара Олександр Олександрович,https://public.nazk.gov.ua/search?page=1&q=Санжара Олександр Олександрович&declarationType=&declarationYear=&documentType=&dtStart=&dtEnd=&isRisk=
Мірошніченко Олександр Дмитрович,https://public.nazk.gov.ua/search?page=1&q=Мірошніченко Олександр Дмитрович&declarationType=&declarationYear=&documentType=&dtStart=&dtEnd=&isRisk= 
Хмельников Артем Олександрович,https://public.nazk.gov.ua/search?page=1&q=Хмельников Артем Олександрович&declarationType=&declarationYear=&documentType=&dtStart=&dtEnd=&isRisk=
Гончаренко Наталія Вікторівна,https://public.nazk.gov.ua/search?page=1&q=Гончаренко Наталія Вікторівна&declarationType=&declarationYear=&documentType=&dtStart=&dtEnd=&isRisk=
Скребець Юрій Юрійович,https://public.nazk.gov.ua/search?page=1&q=Скребець Юрій Юрійович&declarationType=&declarationYear=&documentType=&dtStart=&dtEnd=&isRisk=
Дитятковська Євгенія Михайлівна,https://public.nazk.gov.ua/search?page=1&q=Дитятковська Євгенія Михайлівна&declarationType=&declarationYear=&documentType=&dtStart=&dtEnd=&isRisk=
Краснов Руслан Загідович,https://public.nazk.gov.ua/search?page=1&q=Краснов Руслан Загідович&declarationType=&declarationYear=&documentType=&dtStart=&dtEnd=&isRisk=
Петрицька Валерія Вікторівна,https://public.nazk.gov.ua/search?page=1&q=Петрицька Валерія Вікторівна&declarationType=&declarationYear=&documentType=&dtStart=&dtEnd=&isRisk=
Пилипенко Наталія Василівна,https://public.nazk.gov.ua/search?page=1&q=Пилипенко Наталія Василівна&declarationType=&declarationYear=&documentType=&dtStart=&dtEnd=&isRisk=
Куян Олена Олександрівна,https://public.nazk.gov.ua/search?page=1&q=Куян Олена Олександрівна&declarationType=&declarationYear=&documentType=&dtStart=&dtEnd=&isRisk=
Тарасова Єсенія Олександрівна,https://public.nazk.gov.ua/search?page=1&q=Тарасова Єсенія Олександрівна&declarationType=&declarationYear=&documentType=&dtStart=&dtEnd=&isRisk=
Васил’єв Борис Юрійович,https://public.nazk.gov.ua/search?page=1&q=Васил’єв Борис Юрійович&declarationType=&declarationYear=&documentType=&dtStart=&dtEnd=&isRisk=
Музика Максим Іванович,https://public.nazk.gov.ua/search?page=1&q=Музика Максим Іванович&declarationType=&declarationYear=&documentType=&dtStart=&dtEnd=&isRisk=
Стєпанян Олена Олександрівна,https://public.nazk.gov.ua/search?page=1&q=Стєпанян Олена Олександрівна&declarationType=&declarationYear=&documentType=&dtStart=&dtEnd=&isRisk=
Гивель Ярослав Орестович,https://public.nazk.gov.ua/search?page=1&q=Гивель Ярослав Орестович&declarationType=&declarationYear=&documentType=&dtStart=&dtEnd=&isRisk=
Хазан Наталія Вікторівна,https://public.nazk.gov.ua/search?page=1&q=Хазан Наталія Вікторівна&declarationType=&declarationYear=&documentType=&dtStart=&dtEnd=&isRisk=
Тимчук Сергій Миколайович,https://public.nazk.gov.ua/search?page=1&q=Тимчук Сергій Миколайович&declarationType=&declarationYear=&documentType=&dtStart=&dtEnd=&isRisk=
Басов Станіслав Андрійович,https://public.nazk.gov.ua/search?page=1&q=Басов Станіслав Андрійович&declarationType=&declarationYear=&documentType=&dtStart=&dtEnd=&isRisk=
Живага Оксана Анатоліївна,https://public.nazk.gov.ua/search?page=1&q=Живага Оксана Анатоліївна&declarationType=&declarationYear=&documentType=&dtStart=&dtEnd=&isRisk=
Краснопольський Сергій Владленович,https://public.nazk.gov.ua/search?page=1&q=Краснопольський Сергій Владленович&declarationType=&declarationYear=&documentType=&dtStart=&dtEnd=&isRisk=
Щербатов Дмитро Олексійович,https://public.nazk.gov.ua/search?page=1&q=Щербатов Дмитро Олексійович&declarationType=&declarationYear=&documentType=&dtStart=&dtEnd=&isRisk=
Васючков Іван Олександрович,https://public.nazk.gov.ua/search?page=1&q=Васючков Іван Олександрович&declarationType=&declarationYear=&documentType=&dtStart=&dtEnd=&isRisk=
Вербас Денис Віталійович,https://public.nazk.gov.ua/search?page=1&q=Вербас Денис Віталійович&declarationType=&declarationYear=&documentType=&dtStart=&dtEnd=&isRisk=
Ельдаров Абдула Ісаєвич,https://public.nazk.gov.ua/search?page=1&q=Ельдаров Абдула Ісаєвич&declarationType=&declarationYear=&documentType=&dtStart=&dtEnd=&isRisk=
Ведмідь Олена Миколаївна,https://public.nazk.gov.ua/search?page=1&q=Ведмідь Олена Миколаївна&declarationType=&declarationYear=&documentType=&dtStart=&dtEnd=&isRisk=
Зеленюк Олександр Валерійович,https://public.nazk.gov.ua/search?page=1&q=Зеленюк Олександр Валерійович&declarationType=&declarationYear=&documentType=&dtStart=&dtEnd=&isRisk=
Григорук Олег Романович,https://public.nazk.gov.ua/search?page=1&q=Григорук Олег Романович&declarationType=&declarationYear=&documentType=&dtStart=&dtEnd=&isRisk=
Гельфер Григорій Аркадійович,https://public.nazk.gov.ua/search?page=1&q=Гельфер Григорій Аркадійович&declarationType=&declarationYear=&documentType=&dtStart=&dtEnd=&isRisk=
Одинцова Ірина Миколаївна,https://public.nazk.gov.ua/search?page=1&q=Одинцова Ірина Миколаївна&declarationType=&declarationYear=&documentType=&dtStart=&dtEnd=&isRisk=
Кушнір Станіслав Васильович,https://public.nazk.gov.ua/search?page=1&q=Кушнір Станіслав Васильович&declarationType=&declarationYear=&documentType=&dtStart=&dtEnd=&isRisk=
Гороватий Давид Семенович,https://public.nazk.gov.ua/search?page=1&q=Гороватий Давид Семенович&declarationType=&declarationYear=&documentType=&dtStart=&dtEnd=&isRisk=
Маринчук Северин Георгійович,https://public.nazk.gov.ua/search?page=1&q=Маринчук Северин Георгійович&declarationType=&declarationYear=&documentType=&dtStart=&dtEnd=&isRisk=
Лещенко Олексій Васильович,https://public.nazk.gov.ua/search?page=1&q=Лещенко Олексій Васильович&declarationType=&declarationYear=&documentType=&dtStart=&dtEnd=&isRisk=
Турчин Ігор Володимирович,https://public.nazk.gov.ua/search?page=1&q=Турчин Ігор Володимирович&declarationType=&declarationYear=&documentType=&dtStart=&dtEnd=&isRisk=
Бреславська Елла Володимирівна,https://public.nazk.gov.ua/search?page=1&q=Бреславська Елла Володимирівна&declarationType=&declarationYear=&documentType=&dtStart=&dtEnd=&isRisk=
Афанасьєва Євгенія Олександрівна,https://public.nazk.gov.ua/search?page=1&q=Афанасьєва Євгенія Олександрівна&declarationType=&declarationYear=&documentType=&dtStart=&dtEnd=&isRisk=
Мозгова Катерина Федорівна,https://public.nazk.gov.ua/search?page=1&q=Мозгова Катерина Федорівна&declarationType=&declarationYear=&documentType=&dtStart=&dtEnd=&isRisk=
Мєдвєдєва Аліна Вікторівна,https://public.nazk.gov.ua/search?page=1&q=Мєдвєдєва Аліна Вікторівна&declarationType=&declarationYear=&documentType=&dtStart=&dtEnd=&isRisk=
Сутула Наталія Володимирівна,https://public.nazk.gov.ua/search?page=1&q=Сутула Наталія Володимирівна&declarationType=&declarationYear=&documentType=&dtStart=&dtEnd=&isRisk=
Кучеренко Анастасія Вадимівна,https://public.nazk.gov.ua/search?page=1&q=Кучеренко Анастасія Вадимівна&declarationType=&declarationYear=&documentType=&dtStart=&dtEnd=&isRisk=
Солоха Віталій Васильович,https://public.nazk.gov.ua/search?page=1&q=Солоха Віталій Васильович&declarationType=&declarationYear=&documentType=&dtStart=&dtEnd=&isRisk=
Лифар Тетяна Іванівна,https://public.nazk.gov.ua/search?page=1&q=Лифар Тетяна Іванівна&declarationType=&declarationYear=&documentType=&dtStart=&dtEnd=&isRisk=
Яшинський Михайло Михайлович,https://public.nazk.gov.ua/search?page=1&q=Яшинський Михайло Михайлович&declarationType=&declarationYear=&documentType=&dtStart=&dtEnd=&isRisk=
Полонська Олена Петрівна,https://public.nazk.gov.ua/search?page=1&q=Полонська Олена Петрівна&declarationType=&declarationYear=&documentType=&dtStart=&dtEnd=&isRisk=
Дзюба Ольга Олександрівна,https://public.nazk.gov.ua/search?page=1&q=Дзюба Ольга Олександрівна&declarationType=&declarationYear=&documentType=&dtStart=&dtEnd=&isRisk=
Бодня Олександра Едуардівна,https://public.nazk.gov.ua/search?page=1&q=Бодня Олександра Едуардівна&declarationType=&declarationYear=&documentType=&dtStart=&dtEnd=&isRisk=
Міро Данило Володимирович,https://public.nazk.gov.ua/search?page=1&q=Міро Данило Володимирович&declarationType=&declarationYear=&documentType=&dtStart=&dtEnd=&isRisk=
Лаппо Ігор Миколайович,https://public.nazk.gov.ua/search?page=1&q=Лаппо Ігор Миколайович&declarationType=&declarationYear=&documentType=&dtStart=&dtEnd=&isRisk=
Сокол Катерина Едуардівна,https://public.nazk.gov.ua/search?page=1&q=Сокол Катерина Едуардівна&declarationType=&declarationYear=&documentType=&dtStart=&dtEnd=&isRisk=
Малков Віктор Олександрович,https://public.nazk.gov.ua/search?page=1&q=Малков Віктор Олександрович&declarationType=&declarationYear=&documentType=&dtStart=&dtEnd=&isRisk=
Глікман Михайло Миколайович,https://public.nazk.gov.ua/search?page=1&q=Глікман Михайло Миколайович&declarationType=&declarationYear=&documentType=&dtStart=&dtEnd=&isRisk=
Кирпале Аліна Василівна,https://public.nazk.gov.ua/search?page=1&q=Кирпале Аліна Василівна&declarationType=&declarationYear=&documentType=&dtStart=&dtEnd=&isRisk=
Загрійчук Микита Юрійович,https://public.nazk.gov.ua/search?page=1&q=Загрійчук Микита Юрійович&declarationType=&declarationYear=&documentType=&dtStart=&dtEnd=&isRisk=
Афанасьєв Олександр Анатолійович,https://public.nazk.gov.ua/search?page=1&q=Афанасьєв Олександр Анатолійович&declarationType=&declarationYear=&documentType=&dtStart=&dtEnd=&isRisk=
Ребрик Анна Володимирівна,https://public.nazk.gov.ua/search?page=1&q=Ребрик Анна Володимирівна&declarationType=&declarationYear=&documentType=&dtStart=&dtEnd=&isRisk=
Чувичкин Сергій Миколайович,https://public.nazk.gov.ua/search?page=1&q=Чувичкин Сергій Миколайович&declarationType=&declarationYear=&documentType=&dtStart=&dtEnd=&isRisk=
Рублівський Вадим Григорович,https://public.nazk.gov.ua/search?page=1&q=Рублівський Вадим Григорович&declarationType=&declarationYear=&documentType=&dtStart=&dtEnd=&isRisk=
Ікол Володимир Григорович,https://public.nazk.gov.ua/search?page=1&q=Ікол Володимир Григорович&declarationType=&declarationYear=&documentType=&dtStart=&dtEnd=&isRisk=
Савош Богдан Володимирович,https://public.nazk.gov.ua/search?page=1&q=Савош Богдан Володимирович&declarationType=&declarationYear=&documentType=&dtStart=&dtEnd=&isRisk=
Пермяков Олексій Олександрович,https://public.nazk.gov.ua/search?page=1&q=Пермяков Олексій Олександрович&declarationType=&declarationYear=&documentType=&dtStart=&dtEnd=&isRisk=
Коваленко Анатолій Миколайович,https://public.nazk.gov.ua/search?page=1&q=Коваленко Анатолій Миколайович&declarationType=&declarationYear=&documentType=&dtStart=&dtEnd=&isRisk=
Запаря Тетяна Петрівна,https://public.nazk.gov.ua/search?page=1&q=Запаря Тетяна Петрівна&declarationType=&declarationYear=&documentType=&dtStart=&dtEnd=&isRisk=
Заманський Олександр Леонідович,https://public.nazk.gov.ua/search?page=1&q=Заманський Олександр Леонідович&declarationType=&declarationYear=&documentType=&dtStart=&dtEnd=&isRisk=
Федоренко Володимир Володимирович,https://public.nazk.gov.ua/search?page=1&q=Федоренко Володимир Володимирович&declarationType=&declarationYear=&documentType=&dtStart=&dtEnd=&isRisk=
Бедлецька Світлана Олегівна,https://public.nazk.gov.ua/search?page=1&q=Бедлецька Світлана Олегівна&declarationType=&declarationYear=&documentType=&dtStart=&dtEnd=&isRisk=
Черкаська Милослава Юріївна,https://public.nazk.gov.ua/search?page=1&q=Черкаська Милослава Юріївна&declarationType=&declarationYear=&documentType=&dtStart=&dtEnd=&isRisk=
Терещенко Захар Олегович,https://public.nazk.gov.ua/search?page=1&q=Терещенко Захар Олегович&declarationType=&declarationYear=&documentType=&dtStart=&dtEnd=&isRisk=
Столбов Олексій Олександрович,https://public.nazk.gov.ua/search?page=1&q=Столбов Олексій Олександрович&declarationType=&declarationYear=&documentType=&dtStart=&dtEnd=&isRisk=
Окомашенко Світлана Євгенівна,https://public.nazk.gov.ua/search?page=1&q=Окомашенко Світлана Євгенівна&declarationType=&declarationYear=&documentType=&dtStart=&dtEnd=&isRisk=
Сафронова Алла Юріївна,https://public.nazk.gov.ua/search?page=1&q=Сафронова Алла Юріївна&declarationType=&declarationYear=&documentType=&dtStart=&dtEnd=&isRisk=
Борисова Надія Валентинівна,https://public.nazk.gov.ua/search?page=1&q=Борисова Надія Валентинівна&declarationType=&declarationYear=&documentType=&dtStart=&dtEnd=&isRisk=
Майстренко Наталія Вікторівна,https://public.nazk.gov.ua/search?page=1&q=Майстренко Наталія Вікторівна&declarationType=&declarationYear=&documentType=&dtStart=&dtEnd=&isRisk=
Коновалов Юрій Вікторович,https://public.nazk.gov.ua/search?page=1&q=Коновалов Юрій Вікторович&declarationType=&declarationYear=&documentType=&dtStart=&dtEnd=&isRisk=
Смирна Катерина Вадимівна,https://public.nazk.gov.ua/search?page=1&q=Смирна Катерина Вадимівна&declarationType=&declarationYear=&documentType=&dtStart=&dtEnd=&isRisk=
Базилевська Таїсія Іванівна,https://public.nazk.gov.ua/search?page=1&q=Базилевська Таїсія Іванівна&declarationType=&declarationYear=&documentType=&dtStart=&dtEnd=&isRisk=
Солопов Сергій Олександрович,https://public.nazk.gov.ua/search?page=1&q=Солопов Сергій Олександрович&declarationType=&declarationYear=&documentType=&dtStart=&dtEnd=&isRisk=
Свердлін Дмитро Валерійович,https://public.nazk.gov.ua/search?page=1&q=Свердлін Дмитро Валерійович&declarationType=&declarationYear=&documentType=&dtStart=&dtEnd=&isRisk=
Сергєєв Захар Станіславович,https://public.nazk.gov.ua/search?page=1&q=Сергєєв Захар Станіславович&declarationType=&declarationYear=&documentType=&dtStart=&dtEnd=&isRisk=
Кривсун Аліна Олександрівна,https://public.nazk.gov.ua/search?page=1&q=Кривсун Аліна Олександрівна&declarationType=&declarationYear=&documentType=&dtStart=&dtEnd=&isRisk=
Атаманенко Артем Віталійович,https://public.nazk.gov.ua/search?page=1&q=Атаманенко Артем Віталійович&declarationType=&declarationYear=&documentType=&dtStart=&dtEnd=&isRisk=
Коваленко Анатолій Миколайович,https://public.nazk.gov.ua/search?page=1&q=Коваленко Анатолій Миколайович&declarationType=&declarationYear=&documentType=&dtStart=&dtEnd=&isRisk=
Кутузов Михайло Алефтинович,https://public.nazk.gov.ua/search?page=1&q=Кутузов Михайло Алефтинович&declarationType=&declarationYear=&documentType=&dtStart=&dtEnd=&isRisk=
Піскунов Євген Васильович,https://public.nazk.gov.ua/search?page=1&q=Піскунов Євген Васильович&declarationType=&declarationYear=&documentType=&dtStart=&dtEnd=&isRisk=
Мосьпан Анна Сергіївна,https://public.nazk.gov.ua/search?page=1&q=Мосьпан Анна Сергіївна&declarationType=&declarationYear=&documentType=&dtStart=&dtEnd=&isRisk=
Ковальова Лілія Петрівна,https://public.nazk.gov.ua/search?page=1&q=Ковальова Лілія Петрівна&declarationType=&declarationYear=&documentType=&dtStart=&dtEnd=&isRisk=
Журавльов Андрій Сергійович,https://public.nazk.gov.ua/search?page=1&q=Журавльов Андрій Сергійович&declarationType=&declarationYear=&documentType=&dtStart=&dtEnd=&isRisk=
Кіньшаков Євген Володимирович,https://public.nazk.gov.ua/search?page=1&q=Кіньшаков Євген Володимирович&declarationType=&declarationYear=&documentType=&dtStart=&dtEnd=&isRisk=
Ванжа Ірина Олександрівна,https://public.nazk.gov.ua/search?page=1&q=Ванжа Ірина Олександрівна&declarationType=&declarationYear=&documentType=&dtStart=&dtEnd=&isRisk=
Щоголєв Максим Ігорович,https://public.nazk.gov.ua/search?page=1&q=Щоголєв Максим Ігорович&declarationType=&declarationYear=&documentType=&dtStart=&dtEnd=&isRisk=
Овчаренко Олена Леонідівна,https://public.nazk.gov.ua/search?page=1&q=Овчаренко Олена Леонідівна&declarationType=&declarationYear=&documentType=&dtStart=&dtEnd=&isRisk=
Каталунов Сергій Анатолійович,https://public.nazk.gov.ua/search?page=1&q=Каталунов Сергій Анатолійович&declarationType=&declarationYear=&documentType=&dtStart=&dtEnd=&isRisk=
Немченко Катерина Ігорівна,https://public.nazk.gov.ua/search?page=1&q=Немченко Катерина Ігорівна&declarationType=&declarationYear=&documentType=&dtStart=&dtEnd=&isRisk=
Гладкий Андрій Вікторович,https://public.nazk.gov.ua/search?page=1&q=Гладкий Андрій Вікторович&declarationType=&declarationYear=&documentType=&dtStart=&dtEnd=&isRisk=
Гороховський Михайло Семенович,https://public.nazk.gov.ua/search?page=1&q=Гороховський Михайло Семенович&declarationType=&declarationYear=&documentType=&dtStart=&dtEnd=&isRisk=
Нікітін Сергій Вячеславович,https://public.nazk.gov.ua/search?page=1&q=Нікітін Сергій Вячеславович&declarationType=&declarationYear=&documentType=&dtStart=&dtEnd=&isRisk=
Нечепуренко Микита Олександрович,https://public.nazk.gov.ua/search?page=1&q=Нечепуренко Микита Олександрович&declarationType=&declarationYear=&documentType=&dtStart=&dtEnd=&isRisk=
Морозенко Євгеній Вадимович,https://public.nazk.gov.ua/search?page=1&q=Морозенко Євгеній Вадимович&declarationType=&declarationYear=&documentType=&dtStart=&dtEnd=&isRisk=
Стародубець Олена Володимирівна,https://public.nazk.gov.ua/search?page=1&q=Стародубець Олена Володимирівна&declarationType=&declarationYear=&documentType=&dtStart=&dtEnd=&isRisk=
Сакоян Каріне Самвелівна,https://public.nazk.gov.ua/search?page=1&q=Сакоян Каріне Самвелівна&declarationType=&declarationYear=&documentType=&dtStart=&dtEnd=&isRisk=
Худяков Єгор Олегович,https://public.nazk.gov.ua/search?page=1&q=Худяков Єгор Олегович&declarationType=&declarationYear=&documentType=&dtStart=&dtEnd=&isRisk=
Береза Ніна Іванівна,https://public.nazk.gov.ua/search?page=1&q=Береза Ніна Іванівна&declarationType=&declarationYear=&documentType=&dtStart=&dtEnd=&isRisk=
Трет’яков Микита Дмитрович,https://public.nazk.gov.ua/search?page=1&q=Трет’яков Микита Дмитрович&declarationType=&declarationYear=&documentType=&dtStart=&dtEnd=&isRisk=
Демура Антон Львович,https://public.nazk.gov.ua/search?page=1&q=Демура Антон Львович&declarationType=&declarationYear=&documentType=&dtStart=&dtEnd=&isRisk=
Лупандін Павло Володимирович,https://public.nazk.gov.ua/search?page=1&q=Лупандін Павло Володимирович&declarationType=&declarationYear=&documentType=&dtStart=&dtEnd=&isRisk=
Ткаченко Олена Ярославівна,https://public.nazk.gov.ua/search?page=1&q=Ткаченко Олена Ярославівна&declarationType=&declarationYear=&documentType=&dtStart=&dtEnd=&isRisk=
Танська Віра Вікторівна,https://public.nazk.gov.ua/search?page=1&q=Танська Віра Вікторівна&declarationType=&declarationYear=&documentType=&dtStart=&dtEnd=&isRisk=
Рябець Марина Анатоліївна,https://public.nazk.gov.ua/search?page=1&q=Рябець Марина Анатоліївна&declarationType=&declarationYear=&documentType=&dtStart=&dtEnd=&isRisk=
Юрчак Катерина Олегівна,https://public.nazk.gov.ua/search?page=1&q=Юрчак Катерина Олегівна&declarationType=&declarationYear=&documentType=&dtStart=&dtEnd=&isRisk=
Іванова Юлія Євгенівна,https://public.nazk.gov.ua/search?page=1&q=Іванова Юлія Євгенівна&declarationType=&declarationYear=&documentType=&dtStart=&dtEnd=&isRisk=
Холодова Наталія Іванівна,https://public.nazk.gov.ua/search?page=1&q=Холодова Наталія Іванівна&declarationType=&declarationYear=&documentType=&dtStart=&dtEnd=&isRisk=
Фаєзханов Андрій Борисович,https://public.nazk.gov.ua/search?page=1&q=Фаєзханов Андрій Борисович&declarationType=&declarationYear=&documentType=&dtStart=&dtEnd=&isRisk=
Пустовий Сергій Володимирович,https://public.nazk.gov.ua/search?page=1&q=Пустовий Сергій Володимирович&declarationType=&declarationYear=&documentType=&dtStart=&dtEnd=&isRisk=
Мокрянська Юлія Володимирівна,https://public.nazk.gov.ua/search?page=1&q=Мокрянська Юлія Володимирівна&declarationType=&declarationYear=&documentType=&dtStart=&dtEnd=&isRisk=
Ільніцький Дмитро Юрійович,https://public.nazk.gov.ua/search?page=1&q=Ільніцький Дмитро Юрійович&declarationType=&declarationYear=&documentType=&dtStart=&dtEnd=&isRisk=
Старовойтова Тетяна Вікторівна,https://public.nazk.gov.ua/search?page=1&q=Старовойтова Тетяна Вікторівна&declarationType=&declarationYear=&documentType=&dtStart=&dtEnd=&isRisk=
Пашковський Валентин Вацлавович,https://public.nazk.gov.ua/search?page=1&q=Пашковський Валентин Вацлавович&declarationType=&declarationYear=&documentType=&dtStart=&dtEnd=&isRisk=
Дегтяренко Максим Євгенович,https://public.nazk.gov.ua/search?page=1&q=Дегтяренко Максим Євгенович&declarationType=&declarationYear=&documentType=&dtStart=&dtEnd=&isRisk=
Каптєлова Тетяна Леонідівна,https://public.nazk.gov.ua/search?page=1&q=Каптєлова Тетяна Леонідівна&declarationType=&declarationYear=&documentType=&dtStart=&dtEnd=&isRisk=
Алексєєв Олександр Євгенович,https://public.nazk.gov.ua/search?page=1&q=Алексєєв Олександр Євгенович&declarationType=&declarationYear=&documentType=&dtStart=&dtEnd=&isRisk=
Ковальов Владислав Вадимович,https://public.nazk.gov.ua/search?page=1&q=Ковальов Владислав Вадимович&declarationType=&declarationYear=&documentType=&dtStart=&dtEnd=&isRisk=
Безбах Яків Якович,https://public.nazk.gov.ua/search?page=1&q=Безбах Яків Якович&declarationType=&declarationYear=&documentType=&dtStart=&dtEnd=&isRisk=
Калачевський Владислав Петрович,https://public.nazk.gov.ua/search?page=1&q=Калачевський Владислав Петрович&declarationType=&declarationYear=&documentType=&dtStart=&dtEnd=&isRisk=
Багацький Олександр Олександрович,https://public.nazk.gov.ua/search?page=1&q=Багацький Олександр Олександрович&declarationType=&declarationYear=&documentType=&dtStart=&dtEnd=&isRisk=
Максюта Олег Миколайович,https://public.nazk.gov.ua/search?page=1&q=Максюта Олег Миколайович&declarationType=&declarationYear=&documentType=&dtStart=&dtEnd=&isRisk=
Зоріч Сергій Віталійович,https://public.nazk.gov.ua/search?page=1&q=Зоріч Сергій Віталійович&declarationType=&declarationYear=&documentType=&dtStart=&dtEnd=&isRisk=
Полішко Вадим Вікторович,https://public.nazk.gov.ua/search?page=1&q=Полішко Вадим Вікторович&declarationType=&declarationYear=&documentType=&dtStart=&dtEnd=&isRisk=
Скорік Дмитро Валерійович,https://public.nazk.gov.ua/search?page=1&q=Скорік Дмитро Валерійович&declarationType=&declarationYear=&documentType=&dtStart=&dtEnd=&isRisk=
Манукян Аждаак Араратович,https://public.nazk.gov.ua/search?page=1&q=Манукян Аждаак Араратович&declarationType=&declarationYear=&documentType=&dtStart=&dtEnd=&isRisk=
Сіверська Галина Григорівна,https://public.nazk.gov.ua/search?page=1&q=Сіверська Галина Григорівна&declarationType=&declarationYear=&documentType=&dtStart=&dtEnd=&isRisk=
Шевченко Сергій Анатолійович,https://public.nazk.gov.ua/search?page=1&q=Шевченко Сергій Анатолійович&declarationType=&declarationYear=&documentType=&dtStart=&dtEnd=&isRisk=
Хворостина Юлія Сергіївна,https://public.nazk.gov.ua/search?page=1&q=Хворостина Юлія Сергіївна&declarationType=&declarationYear=&documentType=&dtStart=&dtEnd=&isRisk=
Ковальова Альона Вікторівна,https://public.nazk.gov.ua/search?page=1&q=Ковальова Альона Вікторівна&declarationType=&declarationYear=&documentType=&dtStart=&dtEnd=&isRisk=
Полєхін Петро Іванович,https://public.nazk.gov.ua/search?page=1&q=Полєхін Петро Іванович&declarationType=&declarationYear=&documentType=&dtStart=&dtEnd=&isRisk=
Уляницька Ірина Юріївна,https://public.nazk.gov.ua/search?page=1&q=Уляницька Ірина Юріївна&declarationType=&declarationYear=&documentType=&dtStart=&dtEnd=&isRisk=
Жук Анжела Єсавівна,https://public.nazk.gov.ua/search?page=1&q=Жук Анжела Єсавівна&declarationType=&declarationYear=&documentType=&dtStart=&dtEnd=&isRisk=
Буртова Єлизавета Дмитрівна,https://public.nazk.gov.ua/search?page=1&q=Буртова Єлизавета Дмитрівна&declarationType=&declarationYear=&documentType=&dtStart=&dtEnd=&isRisk=
Міфтахутдінова Діна Артурівна,https://public.nazk.gov.ua/search?page=1&q=Міфтахутдінова Діна Артурівна&declarationType=&declarationYear=&documentType=&dtStart=&dtEnd=&isRisk=
Воробйов Сергій Георгійович,https://public.nazk.gov.ua/search?page=1&q=Воробйов Сергій Георгійович&declarationType=&declarationYear=&documentType=&dtStart=&dtEnd=&isRisk=
Товстоног Валентина Мефодіївна,https://public.nazk.gov.ua/search?page=1&q=Товстоног Валентина Мефодіївна&declarationType=&declarationYear=&documentType=&dtStart=&dtEnd=&isRisk=
Петренко Валерій Іванович,https://public.nazk.gov.ua/search?page=1&q=Петренко Валерій Іванович&declarationType=&declarationYear=&documentType=&dtStart=&dtEnd=&isRisk=
Безуглий Олексій Леонідович,https://public.nazk.gov.ua/search?page=1&q=Безуглий Олексій Леонідович&declarationType=&declarationYear=&documentType=&dtStart=&dtEnd=&isRisk=
Лежньов Антон Вікторович,https://public.nazk.gov.ua/search?page=1&q=Лежньов Антон Вікторович&declarationType=&declarationYear=&documentType=&dtStart=&dtEnd=&isRisk=
Водяха Максим Ігорович,https://public.nazk.gov.ua/search?page=1&q=Водяха Максим Ігорович&declarationType=&declarationYear=&documentType=&dtStart=&dtEnd=&isRisk=
Хижняк Юлія Сергіївна,https://public.nazk.gov.ua/search?page=1&q=Хижняк Юлія Сергіївна&declarationType=&declarationYear=&documentType=&dtStart=&dtEnd=&isRisk=
Волков Валерій Юрійович,https://public.nazk.gov.ua/search?page=1&q=Волков Валерій Юрійович&declarationType=&declarationYear=&documentType=&dtStart=&dtEnd=&isRisk=
Зозуля Олег Анатолійович,https://public.nazk.gov.ua/search?page=1&q=Зозуля Олег Анатолійович&declarationType=&declarationYear=&documentType=&dtStart=&dtEnd=&isRisk=
Лук’яненко Станіслав Володимирович,https://public.nazk.gov.ua/search?page=1&q=Лук’яненко Станіслав Володимирович&declarationType=&declarationYear=&documentType=&dtStart=&dtEnd=&isRisk=
Суслов Максим Євгенійович,https://public.nazk.gov.ua/search?page=1&q=Суслов Максим Євгенійович&declarationType=&declarationYear=&documentType=&dtStart=&dtEnd=&isRisk=
Лупандін Олександр Олександрович,https://public.nazk.gov.ua/search?page=1&q=Лупандін Олександр Олександрович&declarationType=&declarationYear=&documentType=&dtStart=&dtEnd=&isRisk=
Млинарич Олег Борисович,https://public.nazk.gov.ua/search?page=1&q=Млинарич Олег Борисович&declarationType=&declarationYear=&documentType=&dtStart=&dtEnd=&isRisk=
Кукліцький Олексій Володимирович,https://public.nazk.gov.ua/search?page=1&q=Кукліцький Олексій Володимирович&declarationType=&declarationYear=&documentType=&dtStart=&dtEnd=&isRisk=
Давидов Денис Валерійович,https://public.nazk.gov.ua/search?page=1&q=Давидов Денис Валерійович&declarationType=&declarationYear=&documentType=&dtStart=&dtEnd=&isRisk=
Нікіфорова Тетяна Іванівна,https://public.nazk.gov.ua/search?page=1&q=Нікіфорова Тетяна Іванівна&declarationType=&declarationYear=&documentType=&dtStart=&dtEnd=&isRisk=
Педан Сергій Григорович,https://public.nazk.gov.ua/search?page=1&q=Педан Сергій Григорович&declarationType=&declarationYear=&documentType=&dtStart=&dtEnd=&isRisk=
Прокіпець Ганна Анатоліївна,https://public.nazk.gov.ua/search?page=1&q=Прокіпець Ганна Анатоліївна&declarationType=&declarationYear=&documentType=&dtStart=&dtEnd=&isRisk=
Решетилов Артем Олександрович,https://public.nazk.gov.ua/search?page=1&q=Решетилов Артем Олександрович&declarationType=&declarationYear=&documentType=&dtStart=&dtEnd=&isRisk=
Біла Анжела Тахіровна,https://public.nazk.gov.ua/search?page=1&q=Біла Анжела Тахіровна&declarationType=&declarationYear=&documentType=&dtStart=&dtEnd=&isRisk=
Огородня Наталія Миколаївна,https://public.nazk.gov.ua/search?page=1&q=Огородня Наталія Миколаївна&declarationType=&declarationYear=&documentType=&dtStart=&dtEnd=&isRisk=
Ганноченко Олександр Анатолійович,https://public.nazk.gov.ua/search?page=1&q=Ганноченко Олександр Анатолійович&declarationType=&declarationYear=&documentType=&dtStart=&dtEnd=&isRisk=
Сенько Анастасия Вадимовна,https://public.nazk.gov.ua/search?page=1&q=Сенько Анастасия Вадимовна&declarationType=&declarationYear=&documentType=&dtStart=&dtEnd=&isRisk=
Варцаба Ірина Юріївна,https://public.nazk.gov.ua/search?page=1&q=Варцаба Ірина Юріївна&declarationType=&declarationYear=&documentType=&dtStart=&dtEnd=&isRisk=
Волошин Микола Петрович,https://public.nazk.gov.ua/search?page=1&q=Волошин Микола Петрович&declarationType=&declarationYear=&documentType=&dtStart=&dtEnd=&isRisk=
Плахута Вячеслав Іванович,https://public.nazk.gov.ua/search?page=1&q=Плахута Вячеслав Іванович&declarationType=&declarationYear=&documentType=&dtStart=&dtEnd=&isRisk=
Ягубець Олена Миколаївна,https://public.nazk.gov.ua/search?page=1&q=Ягубець Олена Миколаївна&declarationType=&declarationYear=&documentType=&dtStart=&dtEnd=&isRisk=
Одінцова Галина Миколаївна,https://public.nazk.gov.ua/search?page=1&q=Одінцова Галина Миколаївна&declarationType=&declarationYear=&documentType=&dtStart=&dtEnd=&isRisk=
Шевцова-Брижицька Кристина Юріївна,https://public.nazk.gov.ua/search?page=1&q=Шевцова-Брижицька Кристина Юріївна&declarationType=&declarationYear=&documentType=&dtStart=&dtEnd=&isRisk=
Ходжоян Гор Степанович,https://public.nazk.gov.ua/search?page=1&q=Ходжоян Гор Степанович&declarationType=&declarationYear=&documentType=&dtStart=&dtEnd=&isRisk=
Григорук Олексій Петрович,https://public.nazk.gov.ua/search?page=1&q=Григорук Олексій Петрович&declarationType=&declarationYear=&documentType=&dtStart=&dtEnd=&isRisk=
Андрєєва Наталія Анатоліївна,https://public.nazk.gov.ua/search?page=1&q=Андрєєва Наталія Анатоліївна&declarationType=&declarationYear=&documentType=&dtStart=&dtEnd=&isRisk=
Бобров Гліб Валерійович,https://public.nazk.gov.ua/search?page=1&q=Бобров Гліб Валерійович&declarationType=&declarationYear=&documentType=&dtStart=&dtEnd=&isRisk=
Коваленко Юлія Олегівна,https://public.nazk.gov.ua/search?page=1&q=Коваленко Юлія Олегівна&declarationType=&declarationYear=&documentType=&dtStart=&dtEnd=&isRisk=
Розумний Олександр Віталійович,https://public.nazk.gov.ua/search?page=1&q=Розумний Олександр Віталійович&declarationType=&declarationYear=&documentType=&dtStart=&dtEnd=&isRisk=
Безотосний Денис Олександрович,https://public.nazk.gov.ua/search?page=1&q=Безотосний Денис Олександрович&declarationType=&declarationYear=&documentType=&dtStart=&dtEnd=&isRisk=
Ісхаков Сергій Ільясович,https://public.nazk.gov.ua/search?page=1&q=Ісхаков Сергій Ільясович&declarationType=&declarationYear=&documentType=&dtStart=&dtEnd=&isRisk=
Ронін Геннадій Ігорович,https://public.nazk.gov.ua/search?page=1&q=Ронін Геннадій Ігорович&declarationType=&declarationYear=&documentType=&dtStart=&dtEnd=&isRisk=
Убогов Валерій Леонідович,https://public.nazk.gov.ua/search?page=1&q=Убогов Валерій Леонідович&declarationType=&declarationYear=&documentType=&dtStart=&dtEnd=&isRisk=
Денисенко Олег Олександрович,https://public.nazk.gov.ua/search?page=1&q=Денисенко Олег Олександрович&declarationType=&declarationYear=&documentType=&dtStart=&dtEnd=&isRisk=
Дунда Олександр Андрійович,https://public.nazk.gov.ua/search?page=1&q=Дунда Олександр Андрійович&declarationType=&declarationYear=&documentType=&dtStart=&dtEnd=&isRisk=
Бордюк Сергій Юрійович,https://public.nazk.gov.ua/search?page=1&q=Бордюк Сергій Юрійович&declarationType=&declarationYear=&documentType=&dtStart=&dtEnd=&isRisk=
Сирота Олександр Володимирович,https://public.nazk.gov.ua/search?page=1&q=Сирота Олександр Володимирович&declarationType=&declarationYear=&documentType=&dtStart=&dtEnd=&isRisk=
Неруш Валерій Миколайович,https://public.nazk.gov.ua/search?page=1&q=Неруш Валерій Миколайович&declarationType=&declarationYear=&documentType=&dtStart=&dtEnd=&isRisk=
Плахтій Геннадій Миколайович,https://public.nazk.gov.ua/search?page=1&q=Плахтій Геннадій Миколайович&declarationType=&declarationYear=&documentType=&dtStart=&dtEnd=&isRisk=
Андрієнко Антон Олегович,https://public.nazk.gov.ua/search?page=1&q=Андрієнко Антон Олегович&declarationType=&declarationYear=&documentType=&dtStart=&dtEnd=&isRisk=
Буленок Руслан Віталійович,https://public.nazk.gov.ua/search?page=1&q=Буленок Руслан Віталійович&declarationType=&declarationYear=&documentType=&dtStart=&dtEnd=&isRisk=
Водяха Анастасія Володимирівна,https://public.nazk.gov.ua/search?page=1&q=Водяха Анастасія Володимирівна&declarationType=&declarationYear=&documentType=&dtStart=&dtEnd=&isRisk=
Мельникова Ольга Валентинівна,https://public.nazk.gov.ua/search?page=1&q=Мельникова Ольга Валентинівна&declarationType=&declarationYear=&documentType=&dtStart=&dtEnd=&isRisk=
Кузьмін Даніїл Павлович,https://public.nazk.gov.ua/search?page=1&q=Кузьмін Даніїл Павлович&declarationType=&declarationYear=&documentType=&dtStart=&dtEnd=&isRisk=
Хорунжа Олена Анатоліївна,https://public.nazk.gov.ua/search?page=1&q=Хорунжа Олена Анатоліївна&declarationType=&declarationYear=&documentType=&dtStart=&dtEnd=&isRisk=
Бондаренко Олексій Григорович,https://public.nazk.gov.ua/search?page=1&q=Бондаренко Олексій Григорович&declarationType=&declarationYear=&documentType=&dtStart=&dtEnd=&isRisk=
Костюк Тетяна Василівна,https://public.nazk.gov.ua/search?page=1&q=Костюк Тетяна Василівна&declarationType=&declarationYear=&documentType=&dtStart=&dtEnd=&isRisk=
Павлів Радміла Геннадіївна,https://public.nazk.gov.ua/search?page=1&q=Павлів Радміла Геннадіївна&declarationType=&declarationYear=&documentType=&dtStart=&dtEnd=&isRisk=
Плахотіна Наталія Сергіївна,https://public.nazk.gov.ua/search?page=1&q=Плахотіна Наталія Сергіївна&declarationType=&declarationYear=&documentType=&dtStart=&dtEnd=&isRisk=
Полонська Марія Григорівна,https://public.nazk.gov.ua/search?page=1&q=Полонська Марія Григорівна&declarationType=&declarationYear=&documentType=&dtStart=&dtEnd=&isRisk=
Зайцева Анастасія Леонідівна,https://public.nazk.gov.ua/search?page=1&q=Зайцева Анастасія Леонідівна&declarationType=&declarationYear=&documentType=&dtStart=&dtEnd=&isRisk=
Бутиріна Яна Борисівна,https://public.nazk.gov.ua/search?page=1&q=Бутиріна Яна Борисівна&declarationType=&declarationYear=&documentType=&dtStart=&dtEnd=&isRisk=
Тимченко Дмитро Вікторович,https://public.nazk.gov.ua/search?page=1&q=Тимченко Дмитро Вікторович&declarationType=&declarationYear=&documentType=&dtStart=&dtEnd=&isRisk=
Борець Олександр Олександрович,https://public.nazk.gov.ua/search?page=1&q=Борець Олександр Олександрович&declarationType=&declarationYear=&documentType=&dtStart=&dtEnd=&isRisk=
Макуха Віталій Михайлович,https://public.nazk.gov.ua/search?page=1&q=Макуха Віталій Михайлович&declarationType=&declarationYear=&documentType=&dtStart=&dtEnd=&isRisk=
Тиханова Євгенія Борисівна,https://public.nazk.gov.ua/search?page=1&q=Тиханова Євгенія Борисівна&declarationType=&declarationYear=&documentType=&dtStart=&dtEnd=&isRisk=
Чорний Микола Валерійович,https://public.nazk.gov.ua/search?page=1&q=Чорний Микола Валерійович&declarationType=&declarationYear=&documentType=&dtStart=&dtEnd=&isRisk=
Федько Юрій Михайлович,https://public.nazk.gov.ua/search?page=1&q=Федько Юрій Михайлович&declarationType=&declarationYear=&documentType=&dtStart=&dtEnd=&isRisk=
Мірошніченко Тетяна Михайлівна,https://public.nazk.gov.ua/search?page=1&q=Мірошніченко Тетяна Михайлівна&declarationType=&declarationYear=&documentType=&dtStart=&dtEnd=&isRisk=
Волокітіна Наталія Юріївна,https://public.nazk.gov.ua/search?page=1&q=Волокітіна Наталія Юріївна&declarationType=&declarationYear=&documentType=&dtStart=&dtEnd=&isRisk=
Діденко Роман Анатолійович,https://public.nazk.gov.ua/search?page=1&q=Діденко Роман Анатолійович&declarationType=&declarationYear=&documentType=&dtStart=&dtEnd=&isRisk=
Марзан Олександр Олександрович,https://public.nazk.gov.ua/search?page=1&q=Марзан Олександр Олександрович&declarationType=&declarationYear=&documentType=&dtStart=&dtEnd=&isRisk=
Федоренко Олександр Петрович,https://public.nazk.gov.ua/search?page=1&q=Федоренко Олександр Петрович&declarationType=&declarationYear=&documentType=&dtStart=&dtEnd=&isRisk=
Куниця Олександр Сергійович,https://public.nazk.gov.ua/search?page=1&q=Куниця Олександр Сергійович&declarationType=&declarationYear=&documentType=&dtStart=&dtEnd=&isRisk=
Мількевич Наталія Русланівна,https://public.nazk.gov.ua/search?page=1&q=Мількевич Наталія Русланівна&declarationType=&declarationYear=&documentType=&dtStart=&dtEnd=&isRisk=
Голубець Надія Олексіївна,https://public.nazk.gov.ua/search?page=1&q=Голубець Надія Олексіївна&declarationType=&declarationYear=&documentType=&dtStart=&dtEnd=&isRisk=
Швачко Андрій Валерійович,https://public.nazk.gov.ua/search?page=1&q=Швачко Андрій Валерійович&declarationType=&declarationYear=&documentType=&dtStart=&dtEnd=&isRisk=
Мирончук Євген Петрович,https://public.nazk.gov.ua/search?page=1&q=Мирончук Євген Петрович&declarationType=&declarationYear=&documentType=&dtStart=&dtEnd=&isRisk=
Гризун Сергій Іванович,https://public.nazk.gov.ua/search?page=1&q=Гризун Сергій Іванович&declarationType=&declarationYear=&documentType=&dtStart=&dtEnd=&isRisk=
Шило Валерій Віталійович,https://public.nazk.gov.ua/search?page=1&q=Шило Валерій Віталійович&declarationType=&declarationYear=&documentType=&dtStart=&dtEnd=&isRisk=
Самойленко Владислав Сергійович,https://public.nazk.gov.ua/search?page=1&q=Самойленко Владислав Сергійович&declarationType=&declarationYear=&documentType=&dtStart=&dtEnd=&isRisk=
Гончаров Євгеній Андрійович,https://public.nazk.gov.ua/search?page=1&q=Гончаров Євгеній Андрійович&declarationType=&declarationYear=&documentType=&dtStart=&dtEnd=&isRisk=
Бессалова Олександра Станіславівна,https://public.nazk.gov.ua/search?page=1&q=Бессалова Олександра Станіславівна&declarationType=&declarationYear=&documentType=&dtStart=&dtEnd=&isRisk=
Соломко Марина Олегівна,https://public.nazk.gov.ua/search?page=1&q=Соломко Марина Олегівна&declarationType=&declarationYear=&documentType=&dtStart=&dtEnd=&isRisk=
Масліченко Тетяна Миколаївна,https://public.nazk.gov.ua/search?page=1&q=Масліченко Тетяна Миколаївна&declarationType=&declarationYear=&documentType=&dtStart=&dtEnd=&isRisk=
Власова Наталія Сергіївна,https://public.nazk.gov.ua/search?page=1&q=Власова Наталія Сергіївна&declarationType=&declarationYear=&documentType=&dtStart=&dtEnd=&isRisk=
Кочура Людмила Євгенівна,https://public.nazk.gov.ua/search?page=1&q=Кочура Людмила Євгенівна&declarationType=&declarationYear=&documentType=&dtStart=&dtEnd=&isRisk=
Грєхов Сергій Вікторович,https://public.nazk.gov.ua/search?page=1&q=Грєхов Сергій Вікторович&declarationType=&declarationYear=&documentType=&dtStart=&dtEnd=&isRisk=
Гарбуз Маргарита Олександрівна,https://public.nazk.gov.ua/search?page=1&q=Гарбуз Маргарита Олександрівна&declarationType=&declarationYear=&documentType=&dtStart=&dtEnd=&isRisk=
Попадіна Наталя Володимирівна,https://public.nazk.gov.ua/search?page=1&q=Попадіна Наталя Володимирівна&declarationType=&declarationYear=&documentType=&dtStart=&dtEnd=&isRisk=
Волошина Оксана Сергіївна,https://public.nazk.gov.ua/search?page=1&q=Волошина Оксана Сергіївна&declarationType=&declarationYear=&documentType=&dtStart=&dtEnd=&isRisk=
Антіпова Зоя Анатоліївна,https://public.nazk.gov.ua/search?page=1&q=Антіпова Зоя Анатоліївна&declarationType=&declarationYear=&documentType=&dtStart=&dtEnd=&isRisk=
Марченко Артем Володимирович,https://public.nazk.gov.ua/search?page=1&q=Марченко Артем Володимирович&declarationType=&declarationYear=&documentType=&dtStart=&dtEnd=&isRisk=
Ельдаров Руслан Абдулович,https://public.nazk.gov.ua/search?page=1&q=Ельдаров Руслан Абдулович&declarationType=&declarationYear=&documentType=&dtStart=&dtEnd=&isRisk=
Тєрєхов Петро Вікторович,https://public.nazk.gov.ua/search?page=1&q=Тєрєхов Петро Вікторович&declarationType=&declarationYear=&documentType=&dtStart=&dtEnd=&isRisk=
Волошин Антон Сергійович,https://public.nazk.gov.ua/search?page=1&q=Волошин Антон Сергійович&declarationType=&declarationYear=&documentType=&dtStart=&dtEnd=&isRisk=
Чорний Валерій Іванович,https://public.nazk.gov.ua/search?page=1&q=Чорний Валерій Іванович&declarationType=&declarationYear=&documentType=&dtStart=&dtEnd=&isRisk=
Царенко Микола Григорович,https://public.nazk.gov.ua/search?page=1&q=Царенко Микола Григорович&declarationType=&declarationYear=&documentType=&dtStart=&dtEnd=&isRisk=
Кротова Олена Леонідівна,https://public.nazk.gov.ua/search?page=1&q=Кротова Олена Леонідівна&declarationType=&declarationYear=&documentType=&dtStart=&dtEnd=&isRisk=
Панченко Юлія Сергіївна,https://public.nazk.gov.ua/search?page=1&q=Панченко Юлія Сергіївна&declarationType=&declarationYear=&documentType=&dtStart=&dtEnd=&isRisk=
Турчин Олександр Леонідович,https://public.nazk.gov.ua/search?page=1&q=Турчин Олександр Леонідович&declarationType=&declarationYear=&documentType=&dtStart=&dtEnd=&isRisk=
Андроник Володимир Миколайович,https://public.nazk.gov.ua/search?page=1&q=Андроник Володимир Миколайович&declarationType=&declarationYear=&documentType=&dtStart=&dtEnd=&isRisk=
Вишневецький Руслан Юрійович,https://public.nazk.gov.ua/search?page=1&q=Вишневецький Руслан Юрійович&declarationType=&declarationYear=&documentType=&dtStart=&dtEnd=&isRisk=
Браткова Анна Павлівна,https://public.nazk.gov.ua/search?page=1&q=Браткова Анна Павлівна&declarationType=&declarationYear=&documentType=&dtStart=&dtEnd=&isRisk=
Петер Герман Геннадійович,https://public.nazk.gov.ua/search?page=1&q=Петер Герман Геннадійович&declarationType=&declarationYear=&documentType=&dtStart=&dtEnd=&isRisk=
Ясинецький Ігор Володимирович,https://public.nazk.gov.ua/search?page=1&q=Ясинецький Ігор Володимирович&declarationType=&declarationYear=&documentType=&dtStart=&dtEnd=&isRisk=
Русанов Антон Геннадійович,https://public.nazk.gov.ua/search?page=1&q=Русанов Антон Геннадійович&declarationType=&declarationYear=&documentType=&dtStart=&dtEnd=&isRisk=
Самойленко Анастасія Геннадіївна,https://public.nazk.gov.ua/search?page=1&q=Самойленко Анастасія Геннадіївна&declarationType=&declarationYear=&documentType=&dtStart=&dtEnd=&isRisk=
Губерт Василь Петрович,https://public.nazk.gov.ua/search?page=1&q=Губерт Василь Петрович&declarationType=&declarationYear=&documentType=&dtStart=&dtEnd=&isRisk=
Слободянюк Микола Валерійович,https://public.nazk.gov.ua/search?page=1&q=Слободянюк Микола Валерійович&declarationType=&declarationYear=&documentType=&dtStart=&dtEnd=&isRisk=
Розов Денис Леонідович,https://public.nazk.gov.ua/search?page=1&q=Розов Денис Леонідович&declarationType=&declarationYear=&documentType=&dtStart=&dtEnd=&isRisk=
Грєхов Сергій Сергійович,https://public.nazk.gov.ua/search?page=1&q=Грєхов Сергій Сергійович&declarationType=&declarationYear=&documentType=&dtStart=&dtEnd=&isRisk=
Вороп Ганна Володимирівна,https://public.nazk.gov.ua/search?page=1&q=Вороп Ганна Володимирівна&declarationType=&declarationYear=&documentType=&dtStart=&dtEnd=&isRisk=
Сєров Роман Олександрович,https://public.nazk.gov.ua/search?page=1&q=Сєров Роман Олександрович&declarationType=&declarationYear=&documentType=&dtStart=&dtEnd=&isRisk=
Яковлєва Ольга Володимирівна,https://public.nazk.gov.ua/search?page=1&q=Яковлєва Ольга Володимирівна&declarationType=&declarationYear=&documentType=&dtStart=&dtEnd=&isRisk=
Чорний Анатолій Володимирович,https://public.nazk.gov.ua/search?page=1&q=Чорний Анатолій Володимирович&declarationType=&declarationYear=&documentType=&dtStart=&dtEnd=&isRisk=
Ніконоров Андрій Вікторович,https://public.nazk.gov.ua/search?page=1&q=Ніконоров Андрій Вікторович&declarationType=&declarationYear=&documentType=&dtStart=&dtEnd=&isRisk=
Доброгорська Валентина Вікторівна,https://public.nazk.gov.ua/search?page=1&q=Доброгорська Валентина Вікторівна&declarationType=&declarationYear=&documentType=&dtStart=&dtEnd=&isRisk=
Улитовська Ксенія Олександрівна,https://public.nazk.gov.ua/search?page=1&q=Улитовська Ксенія Олександрівна&declarationType=&declarationYear=&documentType=&dtStart=&dtEnd=&isRisk=
Наривська Юлія Сергіївна,https://public.nazk.gov.ua/search?page=1&q=Наривська Юлія Сергіївна&declarationType=&declarationYear=&documentType=&dtStart=&dtEnd=&isRisk=
Дупленко Лариса Леонідівна,https://public.nazk.gov.ua/search?page=1&q=Дупленко Лариса Леонідівна&declarationType=&declarationYear=&documentType=&dtStart=&dtEnd=&isRisk=
Зозуля Ірина Миколаївна,https://public.nazk.gov.ua/search?page=1&q=Зозуля Ірина Миколаївна&declarationType=&declarationYear=&documentType=&dtStart=&dtEnd=&isRisk=
Гуріна Олена Миколаївна,https://public.nazk.gov.ua/search?page=1&q=Гуріна Олена Миколаївна&declarationType=&declarationYear=&documentType=&dtStart=&dtEnd=&isRisk=
Ільніцька Лілія Іванівна,https://public.nazk.gov.ua/search?page=1&q=Ільніцька Лілія Іванівна&declarationType=&declarationYear=&documentType=&dtStart=&dtEnd=&isRisk=
Павлов Володимир Олексійович,https://public.nazk.gov.ua/search?page=1&q=Павлов Володимир Олексійович&declarationType=&declarationYear=&documentType=&dtStart=&dtEnd=&isRisk=
Лямін Антон Ігорович,https://public.nazk.gov.ua/search?page=1&q=Лямін Антон Ігорович&declarationType=&declarationYear=&documentType=&dtStart=&dtEnd=&isRisk=
Романюк Ігор Павлович,https://public.nazk.gov.ua/search?page=1&q=Романюк Ігор Павлович&declarationType=&declarationYear=&documentType=&dtStart=&dtEnd=&isRisk=
Павлов Артем Григорович,https://public.nazk.gov.ua/search?page=1&q=Павлов Артем Григорович&declarationType=&declarationYear=&documentType=&dtStart=&dtEnd=&isRisk=
Городничий Олександр Олександрович,https://public.nazk.gov.ua/search?page=1&q=Городничий Олександр Олександрович&declarationType=&declarationYear=&documentType=&dtStart=&dtEnd=&isRisk=
Погуляй Станіслав Петрович,https://public.nazk.gov.ua/search?page=1&q=Погуляй Станіслав Петрович&declarationType=&declarationYear=&documentType=&dtStart=&dtEnd=&isRisk=
Яровий Віктор Володимирович,https://public.nazk.gov.ua/search?page=1&q=Яровий Віктор Володимирович&declarationType=&declarationYear=&documentType=&dtStart=&dtEnd=&isRisk=
Кальницький Віталій Володимирович,https://public.nazk.gov.ua/search?page=1&q=Кальницький Віталій Володимирович&declarationType=&declarationYear=&documentType=&dtStart=&dtEnd=&isRisk=
Коробов Юрій Анатолійович,https://public.nazk.gov.ua/search?page=1&q=Коробов Юрій Анатолійович&declarationType=&declarationYear=&documentType=&dtStart=&dtEnd=&isRisk=
Дмитрова Юлія Сергіївна,https://public.nazk.gov.ua/search?page=1&q=Дмитрова Юлія Сергіївна&declarationType=&declarationYear=&documentType=&dtStart=&dtEnd=&isRisk=
Терещенко Катерина Вікторівна,https://public.nazk.gov.ua/search?page=1&q=Терещенко Катерина Вікторівна&declarationType=&declarationYear=&documentType=&dtStart=&dtEnd=&isRisk=
Колісник Максим Анатолійович,https://public.nazk.gov.ua/search?page=1&q=Колісник Максим Анатолійович&declarationType=&declarationYear=&documentType=&dtStart=&dtEnd=&isRisk=
Довгаль Сергій Анатолійович,https://public.nazk.gov.ua/search?page=1&q=Довгаль Сергій Анатолійович&declarationType=&declarationYear=&documentType=&dtStart=&dtEnd=&isRisk=
Карпова Людмила Олександрівна,https://public.nazk.gov.ua/search?page=1&q=Карпова Людмила Олександрівна&declarationType=&declarationYear=&documentType=&dtStart=&dtEnd=&isRisk=
Шапран Сергій Михайлович,https://public.nazk.gov.ua/search?page=1&q=Шапран Сергій Михайлович&declarationType=&declarationYear=&documentType=&dtStart=&dtEnd=&isRisk=
Клименко Андрій Володимирович,https://public.nazk.gov.ua/search?page=1&q=Клименко Андрій Володимирович&declarationType=&declarationYear=&documentType=&dtStart=&dtEnd=&isRisk=
Лапшин Сергій Геннадійович,https://public.nazk.gov.ua/search?page=1&q=Лапшин Сергій Геннадійович&declarationType=&declarationYear=&documentType=&dtStart=&dtEnd=&isRisk=
Клюйкова Тетяна Андріївна,https://public.nazk.gov.ua/search?page=1&q=Клюйкова Тетяна Андріївна&declarationType=&declarationYear=&documentType=&dtStart=&dtEnd=&isRisk=
Буклей Ірина Олександрівна,https://public.nazk.gov.ua/search?page=1&q=Буклей Ірина Олександрівна&declarationType=&declarationYear=&documentType=&dtStart=&dtEnd=&isRisk=
Токар Андрій Анатолійович,https://public.nazk.gov.ua/search?page=1&q=Токар Андрій Анатолійович&declarationType=&declarationYear=&documentType=&dtStart=&dtEnd=&isRisk=
Шаповал Валентина Леонідівна,https://public.nazk.gov.ua/search?page=1&q=Шаповал Валентина Леонідівна&declarationType=&declarationYear=&documentType=&dtStart=&dtEnd=&isRisk=
Пилипенко Анжеліка Анатоліївна,https://public.nazk.gov.ua/search?page=1&q=Пилипенко Анжеліка Анатоліївна&declarationType=&declarationYear=&documentType=&dtStart=&dtEnd=&isRisk=
Рісухін Ігор Володимирович,https://public.nazk.gov.ua/search?page=1&q=Рісухін Ігор Володимирович&declarationType=&declarationYear=&documentType=&dtStart=&dtEnd=&isRisk=
Калінін Сергій Миколайович,https://public.nazk.gov.ua/search?page=1&q=Калінін Сергій Миколайович&declarationType=&declarationYear=&documentType=&dtStart=&dtEnd=&isRisk=
Дегтьова Ілона Юріївна,https://public.nazk.gov.ua/search?page=1&q=Дегтьова Ілона Юріївна&declarationType=&declarationYear=&documentType=&dtStart=&dtEnd=&isRisk=
Михайлова Олена Вікторівна,https://public.nazk.gov.ua/search?page=1&q=Михайлова Олена Вікторівна&declarationType=&declarationYear=&documentType=&dtStart=&dtEnd=&isRisk=
Пашко Валерія Анатоліївна,https://public.nazk.gov.ua/search?page=1&q=Пашко Валерія Анатоліївна&declarationType=&declarationYear=&documentType=&dtStart=&dtEnd=&isRisk=
Твардовський Артур Олегович,https://public.nazk.gov.ua/search?page=1&q=Твардовський Артур Олегович&declarationType=&declarationYear=&documentType=&dtStart=&dtEnd=&isRisk=
Фомін Марк Олександрович,https://public.nazk.gov.ua/search?page=1&q=Фомін Марк Олександрович&declarationType=&declarationYear=&documentType=&dtStart=&dtEnd=&isRisk=
Лупандін Данило Олександрович,https://public.nazk.gov.ua/search?page=1&q=Лупандін Данило Олександрович&declarationType=&declarationYear=&documentType=&dtStart=&dtEnd=&isRisk=
Дядічко Ігор Анатолійович,https://public.nazk.gov.ua/search?page=1&q=Дядічко Ігор Анатолійович&declarationType=&declarationYear=&documentType=&dtStart=&dtEnd=&isRisk=
Ізюмський Сергій Іванович,https://public.nazk.gov.ua/search?page=1&q=Ізюмський Сергій Іванович&declarationType=&declarationYear=&documentType=&dtStart=&dtEnd=&isRisk=
Вергун Євген Ігорович,https://public.nazk.gov.ua/search?page=1&q=Вергун Євген Ігорович&declarationType=&declarationYear=&documentType=&dtStart=&dtEnd=&isRisk=
Клюєв Артем Геннадійович,https://public.nazk.gov.ua/search?page=1&q=Клюєв Артем Геннадійович&declarationType=&declarationYear=&documentType=&dtStart=&dtEnd=&isRisk=
Загрійчук Вікторія Геннадіївна,https://public.nazk.gov.ua/search?page=1&q=Загрійчук Вікторія Геннадіївна&declarationType=&declarationYear=&documentType=&dtStart=&dtEnd=&isRisk=
Малихіна-Юрчак Юлія Володимирівна,https://public.nazk.gov.ua/search?page=1&q=Малихіна-Юрчак Юлія Володимирівна&declarationType=&declarationYear=&documentType=&dtStart=&dtEnd=&isRisk=
Ільченко Ігор Едуардович,https://public.nazk.gov.ua/search?page=1&q=Ільченко Ігор Едуардович&declarationType=&declarationYear=&documentType=&dtStart=&dtEnd=&isRisk=
Моргун Володимир Миколайович,https://public.nazk.gov.ua/search?page=1&q=Моргун Володимир Миколайович&declarationType=&declarationYear=&documentType=&dtStart=&dtEnd=&isRisk=
Кондратьєв Олексій Юрійович,https://public.nazk.gov.ua/search?page=1&q=Кондратьєв Олексій Юрійович&declarationType=&declarationYear=&documentType=&dtStart=&dtEnd=&isRisk=
Березовська Лілія Вікторівна,https://public.nazk.gov.ua/search?page=1&q=Березовська Лілія Вікторівна&declarationType=&declarationYear=&documentType=&dtStart=&dtEnd=&isRisk=
Єрхова Дар’я Вадимівна,https://public.nazk.gov.ua/search?page=1&q=Єрхова Дар’я Вадимівна&declarationType=&declarationYear=&documentType=&dtStart=&dtEnd=&isRisk=
Мартинюк Олександр Анатолійович,https://public.nazk.gov.ua/search?page=1&q=Мартинюк Олександр Анатолійович&declarationType=&declarationYear=&documentType=&dtStart=&dtEnd=&isRisk=
Кізенко Артем Олександрович,https://public.nazk.gov.ua/search?page=1&q=Кізенко Артем Олександрович&declarationType=&declarationYear=&documentType=&dtStart=&dtEnd=&isRisk=
Філін Юлія Анатоліївна,https://public.nazk.gov.ua/search?page=1&q=Філін Юлія Анатоліївна&declarationType=&declarationYear=&documentType=&dtStart=&dtEnd=&isRisk=
Семенко Олег Борисович,https://public.nazk.gov.ua/search?page=1&q=Семенко Олег Борисович&declarationType=&declarationYear=&documentType=&dtStart=&dtEnd=&isRisk=
Хаітов Роман Павлович,https://public.nazk.gov.ua/search?page=1&q=Хаітов Роман Павлович&declarationType=&declarationYear=&documentType=&dtStart=&dtEnd=&isRisk=
Кононенко Віталій Павлович,https://public.nazk.gov.ua/search?page=1&q=Кононенко Віталій Павлович&declarationType=&declarationYear=&documentType=&dtStart=&dtEnd=&isRisk=
Мормуль Олександр Вікторович,https://public.nazk.gov.ua/search?page=1&q=Мормуль Олександр Вікторович&declarationType=&declarationYear=&documentType=&dtStart=&dtEnd=&isRisk=
Кисельова Вікторія Іванівна,https://public.nazk.gov.ua/search?page=1&q=Кисельова Вікторія Іванівна&declarationType=&declarationYear=&documentType=&dtStart=&dtEnd=&isRisk=
Конарова Марія Іванівна,https://public.nazk.gov.ua/search?page=1&q=Конарова Марія Іванівна&declarationType=&declarationYear=&documentType=&dtStart=&dtEnd=&isRisk=
Охромій Галина Василівна,https://public.nazk.gov.ua/search?page=1&q=Охромій Галина Василівна&declarationType=&declarationYear=&documentType=&dtStart=&dtEnd=&isRisk=
Угрин Катерина Володимирівна,https://public.nazk.gov.ua/search?page=1&q=Угрин Катерина Володимирівна&declarationType=&declarationYear=&documentType=&dtStart=&dtEnd=&isRisk=
Кіріченко Єлизавета Олександрівна,https://public.nazk.gov.ua/search?page=1&q=Кіріченко Єлизавета Олександрівна&declarationType=&declarationYear=&documentType=&dtStart=&dtEnd=&isRisk=
Назарець Ксенія Олегівна,https://public.nazk.gov.ua/search?page=1&q=Назарець Ксенія Олегівна&declarationType=&declarationYear=&documentType=&dtStart=&dtEnd=&isRisk=
Терехова Тетяна Іванівна,https://public.nazk.gov.ua/search?page=1&q=Терехова Тетяна Іванівна&declarationType=&declarationYear=&documentType=&dtStart=&dtEnd=&isRisk=
Бурдонос В’ячеслав Володимирович,https://public.nazk.gov.ua/search?page=1&q=Бурдонос В’ячеслав Володимирович&declarationType=&declarationYear=&documentType=&dtStart=&dtEnd=&isRisk=
Скосарева Ганна Віталіївна,https://public.nazk.gov.ua/search?page=1&q=Скосарева Ганна Віталіївна&declarationType=&declarationYear=&documentType=&dtStart=&dtEnd=&isRisk=
Кривошеєв Євген Валерійович,https://public.nazk.gov.ua/search?page=1&q=Кривошеєв Євген Валерійович&declarationType=&declarationYear=&documentType=&dtStart=&dtEnd=&isRisk=
Нечепуренко Олександра Анатоліївна,https://public.nazk.gov.ua/search?page=1&q=Нечепуренко Олександра Анатоліївна&declarationType=&declarationYear=&documentType=&dtStart=&dtEnd=&isRisk=
Голубицький Роман Миколайович,https://public.nazk.gov.ua/search?page=1&q=Голубицький Роман Миколайович&declarationType=&declarationYear=&documentType=&dtStart=&dtEnd=&isRisk=
Дешевий Андрій Олександрович,https://public.nazk.gov.ua/search?page=1&q=Дешевий Андрій Олександрович&declarationType=&declarationYear=&documentType=&dtStart=&dtEnd=&isRisk=
Вороний Володимир Леонідович,https://public.nazk.gov.ua/search?page=1&q=Вороний Володимир Леонідович&declarationType=&declarationYear=&documentType=&dtStart=&dtEnd=&isRisk=
Макарець Владислав Сергійович,https://public.nazk.gov.ua/search?page=1&q=Макарець Владислав Сергійович&declarationType=&declarationYear=&documentType=&dtStart=&dtEnd=&isRisk=
Овчаренко Владислав Олександрович,https://public.nazk.gov.ua/search?page=1&q=Овчаренко Владислав Олександрович&declarationType=&declarationYear=&documentType=&dtStart=&dtEnd=&isRisk=
Хомайко Олексій Володимирович,https://public.nazk.gov.ua/search?page=1&q=Хомайко Олексій Володимирович&declarationType=&declarationYear=&documentType=&dtStart=&dtEnd=&isRisk=
Конох Дарія Леонідівна,https://public.nazk.gov.ua/search?page=1&q=Конох Дарія Леонідівна&declarationType=&declarationYear=&documentType=&dtStart=&dtEnd=&isRisk=
Пригожин Андрій Олександрович,https://public.nazk.gov.ua/search?page=1&q=Пригожин Андрій Олександрович&declarationType=&declarationYear=&documentType=&dtStart=&dtEnd=&isRisk=
Гаращенко Анжела Юріївна,https://public.nazk.gov.ua/search?page=1&q=Гаращенко Анжела Юріївна&declarationType=&declarationYear=&documentType=&dtStart=&dtEnd=&isRisk=
Пархомчук Владислав Геннадійович,https://public.nazk.gov.ua/search?page=1&q=Пархомчук Владислав Геннадійович&declarationType=&declarationYear=&documentType=&dtStart=&dtEnd=&isRisk=
Тевсеев Володимир Миколайович,https://public.nazk.gov.ua/search?page=1&q=Тевсеев Володимир Миколайович&declarationType=&declarationYear=&documentType=&dtStart=&dtEnd=&isRisk=
Чулочников Олексій Германович,https://public.nazk.gov.ua/search?page=1&q=Чулочников Олексій Германович&declarationType=&declarationYear=&documentType=&dtStart=&dtEnd=&isRisk=
Постольник Назарій Ігорович,https://public.nazk.gov.ua/search?page=1&q=Постольник Назарій Ігорович&declarationType=&declarationYear=&documentType=&dtStart=&dtEnd=&isRisk=
Селін Даниїл Андрійович,https://public.nazk.gov.ua/search?page=1&q=Селін Даниїл Андрійович&declarationType=&declarationYear=&documentType=&dtStart=&dtEnd=&isRisk=
Рубльова Ольга Вадимівна,https://public.nazk.gov.ua/search?page=1&q=Рубльова Ольга Вадимівна&declarationType=&declarationYear=&documentType=&dtStart=&dtEnd=&isRisk=
Січкарь Ольга Костянтинівна,https://public.nazk.gov.ua/search?page=1&q=Січкарь Ольга Костянтинівна&declarationType=&declarationYear=&documentType=&dtStart=&dtEnd=&isRisk=
Шахова Олександра Ігорівна,https://public.nazk.gov.ua/search?page=1&q=Шахова Олександра Ігорівна&declarationType=&declarationYear=&documentType=&dtStart=&dtEnd=&isRisk=
Амбразевич Ольга Сергіївна,https://public.nazk.gov.ua/search?page=1&q=Амбразевич Ольга Сергіївна&declarationType=&declarationYear=&documentType=&dtStart=&dtEnd=&isRisk=
Анненкова Світлана Володимирівна,https://public.nazk.gov.ua/search?page=1&q=Анненкова Світлана Володимирівна&declarationType=&declarationYear=&documentType=&dtStart=&dtEnd=&isRisk=
Трет’якова Марина Миколаївна,https://public.nazk.gov.ua/search?page=1&q=Трет’якова Марина Миколаївна&declarationType=&declarationYear=&documentType=&dtStart=&dtEnd=&isRisk=
Біла Світлана Миколаївна,https://public.nazk.gov.ua/search?page=1&q=Біла Світлана Миколаївна&declarationType=&declarationYear=&documentType=&dtStart=&dtEnd=&isRisk=
Кащеєв Андрій Миколайович,https://public.nazk.gov.ua/search?page=1&q=Кащеєв Андрій Миколайович&declarationType=&declarationYear=&documentType=&dtStart=&dtEnd=&isRisk=
Коношко Юлія Євгеніївна,https://public.nazk.gov.ua/search?page=1&q=Коношко Юлія Євгеніївна&declarationType=&declarationYear=&documentType=&dtStart=&dtEnd=&isRisk=
Марчук Світлана Олегівна,https://public.nazk.gov.ua/search?page=1&q=Марчук Світлана Олегівна&declarationType=&declarationYear=&documentType=&dtStart=&dtEnd=&isRisk=
Шапран Людмила Олександрівна,https://public.nazk.gov.ua/search?page=1&q=Шапран Людмила Олександрівна&declarationType=&declarationYear=&documentType=&dtStart=&dtEnd=&isRisk=
Шипко Олександр Федорович,https://public.nazk.gov.ua/search?page=1&q=Шипко Олександр Федорович&declarationType=&declarationYear=&documentType=&dtStart=&dtEnd=&isRisk=
Сайдаков Дмитро Павлович,https://public.nazk.gov.ua/search?page=1&q=Сайдаков Дмитро Павлович&declarationType=&declarationYear=&documentType=&dtStart=&dtEnd=&isRisk=
Чорний Володимир Михайлович,https://public.nazk.gov.ua/search?page=1&q=Чорний Володимир Михайлович&declarationType=&declarationYear=&documentType=&dtStart=&dtEnd=&isRisk=
Бондаренко Володимир Михайлович,https://public.nazk.gov.ua/search?page=1&q=Бондаренко Володимир Михайлович&declarationType=&declarationYear=&documentType=&dtStart=&dtEnd=&isRisk=
Тронько Олександр Олександрович,https://public.nazk.gov.ua/search?page=1&q=Тронько Олександр Олександрович&declarationType=&declarationYear=&documentType=&dtStart=&dtEnd=&isRisk=
Ковтун Валентина Григоріївна,https://public.nazk.gov.ua/search?page=1&q=Ковтун Валентина Григоріївна&declarationType=&declarationYear=&documentType=&dtStart=&dtEnd=&isRisk=
Глушко Світлана Михайлівна,https://public.nazk.gov.ua/search?page=1&q=Глушко Світлана Михайлівна&declarationType=&declarationYear=&documentType=&dtStart=&dtEnd=&isRisk=
Демідова Наталія Михайлівна,https://public.nazk.gov.ua/search?page=1&q=Демідова Наталія Михайлівна&declarationType=&declarationYear=&documentType=&dtStart=&dtEnd=&isRisk=
Максимова Анна Андріївна,https://public.nazk.gov.ua/search?page=1&q=Максимова Анна Андріївна&declarationType=&declarationYear=&documentType=&dtStart=&dtEnd=&isRisk=
Котляр Юрій Володимирович,https://public.nazk.gov.ua/search?page=1&q=Котляр Юрій Володимирович&declarationType=&declarationYear=&documentType=&dtStart=&dtEnd=&isRisk=
Мирошниченко Артем Володимирович,https://public.nazk.gov.ua/search?page=1&q=Мирошниченко Артем Володимирович&declarationType=&declarationYear=&documentType=&dtStart=&dtEnd=&isRisk=
Черноусов Роман Дмитрович,https://public.nazk.gov.ua/search?page=1&q=Черноусов Роман Дмитрович&declarationType=&declarationYear=&documentType=&dtStart=&dtEnd=&isRisk=
Стребуль Артем Вікторович,https://public.nazk.gov.ua/search?page=1&q=Стребуль Артем Вікторович&declarationType=&declarationYear=&documentType=&dtStart=&dtEnd=&isRisk=
Романенко Лариса Сергіївна,https://public.nazk.gov.ua/search?page=1&q=Романенко Лариса Сергіївна&declarationType=&declarationYear=&documentType=&dtStart=&dtEnd=&isRisk=
Покотиленко Ірина Олегівна,https://public.nazk.gov.ua/search?page=1&q=Покотиленко Ірина Олегівна&declarationType=&declarationYear=&documentType=&dtStart=&dtEnd=&isRisk=